elapsed, window, n, min, mean, median, 95th, 99th, 99_9th, max, errors
10.000012, 10.000012, 224, 3956, 52404.4, 40481, 129957, 221518, 314247, 314247, 0
20.000585, 10.000573, 247, 4502, 50046.2, 41316, 117350, 194798, 257924, 257924, 0
30.000576, 9.999991, 224, 3317, 47578.2, 37889, 123255, 207115, 283084, 283084, 0
40.000572, 9.999996, 205, 2993, 61527.0, 46933, 147528, 435108, 477989, 477989, 0
50.0006, 10.000028, 245, 4176, 47748.1, 41388, 110912, 151655, 195675, 195675, 0
60.000575, 9.999975, 238, 4268, 50680.4, 40782, 126755, 190629, 212491, 212491, 0
70.000582, 10.000007, 243, 3145, 47352.8, 39538, 106773, 167839, 206269, 206269, 0
80.000627, 10.000045, 220, 3109, 51412.7, 41893, 110737, 241745, 540727, 540727, 0
90.000615, 9.999988, 235, 2990, 50099.0, 41094, 116086, 204889, 301428, 301428, 0
100.000576, 9.999961, 243, 3247, 50650.0, 40198, 124947, 218570, 281445, 281445, 0
110.000661, 10.000085, 221, 4252, 57403.1, 45205, 141850, 279006, 306081, 306081, 0
120.000633, 9.999972, 198, 4042, 52531.6, 41782, 129097, 201689, 494112, 494112, 0
130.000627, 9.999994, 245, 4610, 46052.4, 37154, 103595, 175116, 222328, 222328, 0
140.000623, 9.999996, 233, 2485, 51751.0, 38924, 145429, 201019, 353963, 353963, 0
150.00063, 10.000007, 212, 5193, 50646.1, 37082, 137849, 254660, 362571, 362571, 0
160.000578, 9.999948, 228, 2670, 46880.3, 40640, 97218, 169234, 218512, 218512, 0
170.000667, 10.000089, 247, 4329, 49116.5, 37909, 124894, 146205, 288892, 288892, 0
180.000594, 9.999927, 201, 2943, 54721.4, 42067, 109979, 341163, 513098, 513098, 0
190.000582, 9.999988, 226, 3150, 48189.5, 40623, 107782, 144315, 184288, 184288, 0
200.00058, 9.999998, 242, 2826, 46481.6, 38010, 108443, 145695, 325381, 325381, 0
210.000584, 10.000004, 237, 3043, 58095.7, 45808, 127626, 264626, 704308, 704308, 0
220.000598, 10.000014, 238, 3043, 63845.5, 44368, 150130, 427321, 677079, 677079, 0
230.000578, 9.99998, 232, 3203, 48128.0, 41815, 109781, 157169, 186441, 186441, 0
240.000653, 10.000075, 232, 2676, 48347.1, 38615, 119353, 225845, 300694, 300694, 0
250.000575, 9.999922, 217, 3398, 55981.9, 41954, 140272, 382169, 425447, 425447, 0
260.000582, 10.000007, 238, 3260, 47542.5, 36738, 120664, 195748, 300563, 300563, 0
270.000599, 10.000017, 221, 2619, 46699.0, 38933, 109641, 154488, 214024, 214024, 0
280.000576, 9.999977, 251, 3491, 51018.1, 41892, 127570, 223988, 430597, 430597, 0
290.000576, 10.0, 212, 3267, 57870.9, 44180, 127817, 290334, 555669, 555669, 0
300.000578, 10.000002, 232, 3453, 49929.8, 41180, 114955, 180764, 413872, 413872, 0
310.000576, 9.999998, 234, 4627, 49688.8, 41779, 114955, 169902, 425063, 425063, 0
320.00062, 10.000044, 181, 7215, 60531.8, 40322, 185622, 394421, 622415, 622415, 0
330.000601, 9.999981, 239, 5261, 58474.3, 42221, 149163, 292773, 507315, 507315, 0
340.000699, 10.000098, 237, 5261, 53187.3, 41519, 137106, 240308, 367744, 367744, 0
350.000601, 9.999902, 222, 4462, 51858.2, 41866, 119128, 172890, 362492, 362492, 0
360.000582, 9.999981, 218, 2337, 51154.1, 41751, 114888, 180630, 434353, 434353, 0
370.000622, 10.00004, 234, 4673, 50647.6, 42551, 120802, 208553, 352418, 352418, 0
380.00058, 9.999958, 258, 4152, 46683.3, 41490, 101348, 131045, 202720, 202720, 0
390.000573, 9.999993, 230, 2786, 54679.1, 40132, 130248, 219293, 712042, 712042, 0
400.000576, 10.000003, 221, 2994, 54092.8, 42598, 117247, 251390, 260432, 260432, 0
410.000585, 10.000009, 238, 3103, 53889.9, 44416, 127317, 228697, 256289, 256289, 0
420.000575, 9.99999, 259, 3266, 48965.1, 36781, 119993, 180952, 302794, 302794, 0
430.000585, 10.00001, 230, 5327, 51773.8, 41309, 120964, 160196, 508103, 508103, 0
440.000578, 9.999993, 241, 3565, 48486.1, 40600, 105208, 179550, 358250, 358250, 0
450.000627, 10.000049, 208, 3192, 50421.0, 43908, 113045, 174055, 224825, 224825, 0
460.000624, 9.999997, 217, 2846, 50246.3, 40552, 116955, 201285, 269338, 269338, 0
470.000574, 9.99995, 236, 2694, 51548.7, 41755, 126757, 207739, 266524, 266524, 0
480.000678, 10.000104, 259, 2694, 48884.3, 40817, 106384, 153085, 336332, 336332, 0
490.000581, 9.999903, 237, 3625, 50607.1, 42958, 121874, 186113, 443040, 443040, 0
500.000574, 9.999993, 223, 3928, 54346.6, 41169, 127994, 337028, 465236, 465236, 0
510.000576, 10.000002, 232, 4529, 56681.9, 42686, 140976, 301504, 440717, 440717, 0
520.00062, 10.000044, 198, 3314, 52903.9, 42245, 135660, 201413, 248399, 248399, 0
530.000621, 10.000001, 240, 9378, 51952.7, 42160, 119494, 186953, 299490, 299490, 0
540.000577, 9.999956, 207, 5361, 52684.5, 40965, 137929, 201742, 256258, 256258, 0
550.000608, 10.000031, 223, 4115, 57006.1, 43804, 123122, 265294, 455884, 455884, 0
560.000574, 9.999966, 217, 4115, 51523.4, 39874, 120591, 199005, 265059, 265059, 0
570.000575, 10.000001, 193, 4228, 62181.4, 39949, 183145, 407357, 845616, 845616, 0
580.00057, 9.999995, 227, 5296, 54377.0, 44240, 137010, 198669, 219552, 219552, 0
590.000617, 10.000047, 202, 3417, 52792.8, 42197, 119852, 209211, 287052, 287052, 0
600.000572, 9.999955, 221, 4018, 55939.0, 41166, 113347, 369469, 1036449, 1036449, 0
610.000586, 10.000014, 202, 5761, 61383.5, 47157, 133395, 252128, 686790, 686790, 0
620.00057, 9.999984, 247, 3100, 51549.7, 39740, 125248, 193614, 419247, 419247, 0
630.000667, 10.000097, 215, 2458, 51220.4, 40739, 129469, 198296, 261269, 261269, 0
640.000581, 9.999914, 225, 4389, 56377.8, 41590, 143490, 291779, 340401, 340401, 0
650.000584, 10.000003, 248, 4396, 53140.4, 42198, 115276, 177661, 356518, 356518, 0
660.000583, 9.999999, 219, 8272, 49489.5, 44081, 114006, 143465, 191614, 191614, 0
670.00058, 9.999997, 210, 3714, 50970.0, 41070, 128116, 196973, 284897, 284897, 0
680.000587, 10.000007, 182, 3896, 57521.9, 43246, 136888, 375876, 611245, 611245, 0
690.000676, 10.000089, 256, 3635, 54369.3, 42625, 125035, 202949, 403626, 403626, 0
700.000582, 9.999906, 231, 3648, 55090.2, 42093, 141231, 203627, 354008, 354008, 0
710.000574, 9.999992, 213, 5639, 49407.3, 38920, 114337, 173940, 233070, 233070, 0
720.000581, 10.000007, 268, 3666, 52397.5, 43246, 114448, 178600, 370043, 370043, 0
730.000591, 10.00001, 235, 3103, 51931.1, 44201, 127098, 171267, 227124, 227124, 0
740.000743, 10.000152, 228, 3709, 51460.5, 38946, 130986, 215599, 512656, 512656, 0
750.000573, 9.99983, 222, 4021, 56752.6, 43532, 136752, 296911, 360007, 360007, 0
760.000571, 9.999998, 224, 2619, 50815.6, 43338, 112808, 174602, 209351, 209351, 0
770.000655, 10.000084, 257, 3423, 52858.5, 41058, 129157, 218718, 282422, 282422, 0
780.000584, 9.999929, 231, 5159, 59847.6, 41604, 163402, 302743, 374366, 374366, 0
790.000587, 10.000003, 226, 5765, 56091.4, 43832, 136076, 310116, 374366, 374366, 0
800.000583, 9.999996, 222, 2811, 53208.8, 41633, 119327, 194821, 340012, 340012, 0
810.000582, 9.999999, 246, 4074, 51066.5, 40320, 122545, 177803, 299925, 299925, 0
820.000573, 9.999991, 224, 2963, 54938.7, 42378, 143940, 194073, 677745, 677745, 0
830.000576, 10.000003, 222, 3868, 53394.2, 43907, 130886, 205177, 324251, 324251, 0
840.000581, 10.000005, 232, 2641, 56013.6, 47352, 130886, 181607, 322339, 322339, 0
850.000579, 9.999998, 227, 3516, 51795.9, 41360, 118318, 264999, 383678, 383678, 0
860.000577, 9.999998, 210, 3723, 52685.6, 43701, 105922, 194082, 355837, 355837, 0
870.000574, 9.999997, 235, 3726, 50741.9, 41128, 123641, 191917, 241520, 241520, 0
880.000593, 10.000019, 193, 6284, 56239.4, 45237, 134886, 225464, 334767, 334767, 0
890.000667, 10.000074, 203, 4221, 57715.0, 43901, 133702, 271904, 343522, 343522, 0
900.00057, 9.999903, 235, 4719, 58092.7, 43556, 125987, 215523, 1512340, 1512340, 0
910.000573, 10.000003, 230, 4719, 50006.0, 42816, 112012, 170944, 176092, 176092, 0
920.000574, 10.000001, 231, 3175, 51166.3, 40756, 127306, 259560, 280935, 280935, 0
930.000597, 10.000023, 225, 4202, 56443.2, 45312, 130868, 217914, 274689, 274689, 0
940.000583, 9.999986, 212, 4338, 55513.2, 41405, 135970, 213521, 358105, 358105, 0
950.000711, 10.000128, 234, 2491, 57602.0, 41705, 123615, 334034, 1037078, 1037078, 0
960.000585, 9.999874, 232, 4992, 56353.9, 42303, 128930, 251631, 888793, 888793, 0
970.000671, 10.000086, 236, 7018, 47507.2, 37883, 112085, 142343, 398703, 398703, 0
980.000574, 9.999903, 219, 4399, 50277.4, 41549, 101508, 203662, 649693, 649693, 0
990.00058, 10.000006, 228, 6238, 56180.5, 41556, 121751, 247741, 964084, 964084, 0
1000.000578, 9.999998, 215, 5036, 52486.3, 41936, 129904, 218716, 434518, 434518, 0
1010.00058, 10.000002, 236, 4803, 53681.7, 42922, 133465, 200258, 282431, 282431, 0
1020.000643, 10.000063, 207, 7138, 58680.3, 41104, 141460, 451116, 627536, 627536, 0
1030.0006, 9.999957, 217, 2756, 58214.3, 45035, 154286, 266100, 372099, 372099, 0
1040.000649, 10.000049, 257, 2756, 51030.6, 42633, 116801, 172357, 266100, 266100, 0
1050.000578, 9.999929, 218, 3195, 50540.6, 41776, 101362, 182259, 387834, 387834, 0
1060.000679, 10.000101, 225, 3691, 58804.5, 40059, 145801, 287596, 686634, 686634, 0
1070.000688, 10.000009, 220, 2808, 60328.8, 41906, 152139, 402457, 687241, 687241, 0
1080.000583, 9.999895, 230, 2876, 53320.7, 37437, 139304, 246044, 564584, 564584, 0
1090.000571, 9.999988, 220, 2745, 55661.7, 41413, 144738, 261803, 472984, 472984, 0
1100.000583, 10.000012, 227, 3669, 58743.3, 45076, 159308, 229911, 359644, 359644, 0
1110.000623, 10.00004, 226, 3709, 54021.2, 43395, 120303, 271417, 305819, 305819, 0
1120.000575, 9.999952, 225, 5200, 55522.2, 43508, 139499, 219450, 227924, 227924, 0
1130.000571, 9.999996, 235, 5888, 55328.0, 42936, 139067, 233441, 283302, 283302, 0
1140.000591, 10.00002, 212, 4431, 58804.0, 41048, 155455, 429761, 824399, 824399, 0
1150.000581, 9.99999, 227, 3790, 52907.0, 44699, 129452, 207886, 513365, 513365, 0
1160.000575, 9.999994, 241, 2652, 54696.5, 41759, 121718, 281250, 489928, 489928, 0
1170.000594, 10.000019, 244, 4215, 57713.9, 46058, 139660, 234015, 325154, 325154, 0
1180.00063, 10.000036, 248, 4013, 54281.5, 46707, 118777, 159835, 314532, 314532, 0
1190.000623, 9.999993, 232, 4850, 55548.5, 44607, 121983, 219327, 296229, 296229, 0
1200.000575, 9.999952, 244, 2291, 48703.8, 37565, 129410, 192012, 317390, 317390, 0
1210.000699, 10.000124, 203, 2928, 57208.6, 43924, 157921, 242056, 301050, 301050, 0
1220.00059, 9.999891, 232, 5046, 50569.9, 39615, 97990, 209789, 444433, 444433, 0
1230.000634, 10.000044, 207, 5121, 56261.3, 42713, 140467, 264860, 326101, 326101, 0
1240.000576, 9.999942, 232, 4336, 50792.7, 40718, 120212, 186403, 295828, 295828, 0
1250.000581, 10.000005, 202, 2468, 58935.0, 43280, 148586, 341054, 496015, 496015, 0
1260.000573, 9.999992, 235, 4281, 54522.8, 40382, 128379, 251307, 449828, 449828, 0
1270.000569, 9.999996, 232, 2552, 67415.2, 42720, 209714, 370884, 465790, 465790, 0
1280.000575, 10.000006, 228, 4421, 59061.6, 44238, 139727, 370884, 607716, 607716, 0
1290.000584, 10.000009, 247, 2257, 56988.0, 46341, 151487, 207079, 267892, 267892, 0
1300.000586, 10.000002, 221, 4754, 56621.2, 44055, 144502, 223044, 326140, 326140, 0
1310.000581, 9.999995, 228, 6279, 57701.9, 43762, 147117, 241037, 367703, 367703, 0
1320.00057, 9.999989, 215, 4076, 53137.1, 43130, 128545, 181661, 210531, 210531, 0
1330.000635, 10.000065, 239, 4443, 53975.6, 43439, 131491, 233818, 275535, 275535, 0
1340.000587, 9.999952, 228, 3596, 53726.8, 39537, 143153, 247268, 306467, 306467, 0
1350.000569, 9.999982, 191, 4216, 56340.0, 42396, 155419, 229373, 359274, 359274, 0
1360.000571, 10.000002, 231, 4292, 58250.5, 44047, 172497, 241595, 301360, 301360, 0
1370.000574, 10.000003, 205, 3515, 54491.8, 43883, 138087, 279781, 357563, 357563, 0
1380.000582, 10.000008, 250, 6249, 55226.3, 41715, 130211, 295099, 499169, 499169, 0
1390.000639, 10.000057, 236, 5514, 57044.3, 44544, 129515, 232278, 376278, 376278, 0
1400.000717, 10.000078, 199, 3555, 54325.6, 42784, 126825, 239067, 376544, 376544, 0
1410.000574, 9.999857, 212, 3099, 56114.6, 44483, 128289, 274481, 310245, 310245, 0
1420.000582, 10.000008, 220, 4558, 51963.9, 41025, 129346, 259743, 452050, 452050, 0
1430.000573, 9.999991, 219, 3666, 56031.2, 39368, 148134, 452013, 608826, 608826, 0
1440.000589, 10.000016, 217, 4521, 57912.6, 45501, 113092, 206998, 699723, 699723, 0
1450.000581, 9.999992, 229, 4038, 54394.0, 41243, 147421, 195515, 374419, 374419, 0
1460.00057, 9.999989, 211, 4038, 52289.2, 40539, 144775, 236077, 419182, 419182, 0
1470.000624, 10.000054, 238, 2388, 51410.9, 43046, 113338, 185213, 404277, 404277, 0
1480.000585, 9.999961, 214, 4088, 59429.2, 44636, 144622, 232124, 583666, 583666, 0
1490.00057, 9.999985, 219, 4176, 55591.4, 44135, 135550, 229459, 280141, 280141, 0
1500.000601, 10.000031, 241, 5355, 53003.4, 42965, 131314, 249916, 347538, 347538, 0
1510.0006, 9.999999, 222, 2485, 59324.9, 45555, 144482, 383725, 837626, 837626, 0
1520.000583, 9.999983, 228, 4237, 56637.8, 43715, 160672, 250108, 271978, 271978, 0
1530.000642, 10.000059, 214, 3064, 53098.4, 43684, 124234, 198898, 268523, 268523, 0
1540.000574, 9.999932, 216, 3638, 55270.1, 43751, 139978, 236579, 278527, 278527, 0
1550.000576, 10.000002, 213, 3293, 54430.1, 40266, 156747, 268182, 479164, 479164, 0
1560.000578, 10.000002, 219, 4662, 51768.0, 40798, 125854, 190226, 242025, 242025, 0
1570.000584, 10.000006, 221, 3439, 57351.0, 43365, 126803, 244722, 390854, 390854, 0
1580.00058, 9.999996, 206, 4007, 50740.0, 43858, 123927, 194665, 198404, 198404, 0
1590.000581, 10.000001, 215, 2327, 53009.8, 40242, 135621, 175028, 277113, 277113, 0
1600.000579, 9.999998, 202, 2327, 53334.1, 43344, 123637, 207090, 308649, 308649, 0
1610.000582, 10.000003, 247, 3170, 53440.6, 41497, 149038, 205794, 264236, 264236, 0
1620.000615, 10.000033, 236, 3912, 50419.3, 38997, 111382, 214363, 343357, 343357, 0
1630.000572, 9.999957, 220, 4447, 56830.0, 41692, 121673, 207689, 1017075, 1017075, 0
1640.000609, 10.000037, 228, 5403, 53296.7, 42360, 129640, 230732, 319780, 319780, 0
1650.000569, 9.99996, 215, 5260, 59190.7, 43319, 150900, 253096, 881224, 881224, 0
1660.000595, 10.000026, 239, 4101, 50465.6, 39219, 120739, 196424, 370551, 370551, 0
1670.000578, 9.999983, 210, 4101, 55427.3, 41491, 137139, 200362, 642861, 642861, 0
1680.000574, 9.999996, 238, 2532, 45278.7, 39266, 97263, 153657, 173652, 173652, 0
1690.000572, 9.999998, 214, 4166, 56028.2, 42115, 132907, 175751, 801055, 801055, 0
1700.000582, 10.00001, 228, 4750, 50636.0, 43404, 119572, 201768, 236599, 236599, 0
1710.000581, 9.999999, 209, 2572, 53241.9, 37309, 133710, 287503, 698188, 698188, 0
1720.000578, 9.999997, 226, 5264, 49569.3, 39957, 104312, 216668, 347231, 347231, 0
1730.000575, 9.999997, 220, 7041, 54362.0, 37612, 129808, 330142, 532406, 532406, 0
1740.000573, 9.999998, 236, 3499, 48718.2, 39713, 116733, 148917, 397002, 397002, 0
1750.000581, 10.000008, 236, 4228, 54321.0, 43510, 131465, 241168, 290624, 290624, 0
1760.000576, 9.999995, 208, 5793, 52612.2, 40812, 126769, 218672, 582911, 582911, 0
1770.000598, 10.000022, 249, 5847, 54003.4, 41844, 143577, 258631, 378286, 378286, 0
1780.000576, 9.999978, 233, 3860, 57898.6, 43309, 153904, 248532, 403023, 403023, 0
1790.000626, 10.00005, 237, 3817, 54270.7, 42376, 131151, 282344, 351206, 351206, 0
1800.00071, 10.000084, 223, 4557, 49163.9, 39117, 124637, 182191, 236404, 236404, 0
1810.000622, 9.999912, 234, 2922, 60146.3, 45826, 133882, 381214, 532184, 532184, 0
1820.000673, 10.000051, 197, 3317, 58704.1, 41699, 126032, 280872, 849046, 849046, 0
1830.000623, 9.99995, 216, 3492, 48629.5, 37750, 118479, 194278, 242954, 242954, 0
1840.000624, 10.000001, 207, 3492, 60070.1, 43308, 164214, 285195, 400013, 400013, 0
1850.000699, 10.000075, 255, 2313, 53952.9, 43160, 113923, 237765, 437080, 437080, 0
1860.000623, 9.999924, 212, 4050, 52564.3, 41290, 126360, 227967, 517831, 517831, 0
1870.000625, 10.000002, 244, 3321, 52307.5, 40900, 120899, 266783, 729081, 729081, 0
1880.000652, 10.000027, 223, 3532, 53735.5, 43283, 113706, 204207, 511710, 511710, 0
1890.00064, 9.999988, 238, 4827, 47856.3, 40542, 111850, 156768, 192545, 192545, 0
1900.000625, 9.999985, 217, 4000, 56661.6, 42334, 108023, 492829, 859495, 859495, 0
1910.000627, 10.000002, 238, 4469, 54775.5, 44391, 124009, 265746, 497697, 497697, 0
1920.000623, 9.999996, 208, 7172, 52166.0, 38738, 118484, 278245, 501810, 501810, 0
1930.000591, 9.999968, 245, 3044, 50364.1, 41823, 117655, 188518, 360437, 360437, 0
1940.000627, 10.000036, 238, 3650, 59560.0, 45195, 145170, 182515, 395250, 395250, 0
1950.000626, 9.999999, 213, 4241, 60936.5, 43497, 141676, 296753, 1068355, 1068355, 0
1960.000625, 9.999999, 219, 3453, 56254.2, 39784, 150909, 201178, 1414718, 1414718, 0
1970.000632, 10.000007, 218, 3507, 62031.5, 44020, 176940, 285261, 353978, 353978, 0
1980.000623, 9.999991, 262, 3559, 55256.7, 43308, 132159, 193797, 506864, 506864, 0
1990.000635, 10.000012, 262, 3427, 50724.0, 40192, 131111, 175226, 304007, 304007, 0
2000.00063, 9.999995, 257, 3732, 50124.4, 42998, 107311, 181324, 326297, 326297, 0
2010.000623, 9.999993, 203, 3790, 51433.9, 38849, 136086, 226291, 361027, 361027, 0
2020.000596, 9.999973, 220, 2444, 54813.0, 43848, 123693, 206677, 261439, 261439, 0
2030.000638, 10.000042, 235, 4760, 51782.7, 41418, 112667, 270870, 551716, 551716, 0
2040.000573, 9.999935, 237, 3091, 54894.7, 41919, 131893, 276085, 434130, 434130, 0
2050.000675, 10.000102, 236, 2291, 57754.8, 42453, 154081, 258135, 773356, 773356, 0
2060.000576, 9.999901, 217, 4501, 52846.7, 43262, 116692, 205743, 330936, 330936, 0
2070.000576, 10.0, 225, 3059, 59317.2, 42548, 148786, 330781, 950178, 950178, 0
2080.000581, 10.000005, 226, 4447, 50440.8, 38872, 126688, 216246, 380489, 380489, 0
2090.000629, 10.000048, 232, 3045, 54157.8, 44168, 124490, 195441, 369578, 369578, 0
2100.000633, 10.000004, 225, 3045, 49134.0, 39602, 107227, 303488, 328152, 328152, 0
2110.000619, 9.999986, 229, 7055, 51599.7, 41632, 119770, 222990, 378021, 378021, 0
2120.000575, 9.999956, 191, 2625, 53697.4, 43087, 144291, 216000, 342788, 342788, 0
2130.000582, 10.000007, 267, 5119, 54250.4, 38911, 122543, 239103, 845065, 845065, 0
2140.000586, 10.000004, 209, 4914, 58902.8, 42085, 135420, 227868, 1090942, 1090942, 0
2150.000629, 10.000043, 235, 4126, 56987.6, 41161, 143799, 213442, 895660, 895660, 0
2160.00058, 9.999951, 227, 3580, 49499.6, 40827, 113725, 177321, 199552, 199552, 0
2170.000582, 10.000002, 242, 4466, 57314.7, 40022, 146354, 275979, 630336, 630336, 0
2180.000578, 9.999996, 263, 4305, 50423.0, 41075, 124536, 164749, 234544, 234544, 0
2190.000631, 10.000053, 210, 5313, 53562.2, 40318, 143950, 260026, 329950, 329950, 0
2200.000579, 9.999948, 261, 3616, 55357.6, 40322, 160322, 294114, 350376, 350376, 0
2210.000627, 10.000048, 230, 2810, 47550.4, 38968, 115690, 209852, 325400, 325400, 0
2220.000627, 10.0, 233, 6052, 51340.1, 39452, 125172, 225415, 408187, 408187, 0
2230.000594, 9.999967, 230, 3514, 55180.7, 40639, 113629, 452013, 914948, 914948, 0
2240.000575, 9.999981, 223, 3790, 58817.7, 42033, 120274, 360766, 576839, 576839, 0
2250.000573, 9.999998, 223, 6412, 49281.6, 38550, 106501, 175194, 485890, 485890, 0
2260.000575, 10.000002, 239, 4474, 51078.7, 40721, 124460, 183377, 309072, 309072, 0
2270.000574, 9.999999, 219, 4311, 48441.2, 36971, 123193, 257187, 345668, 345668, 0
2280.000576, 10.000002, 270, 4311, 55387.8, 37571, 149768, 268038, 348643, 348643, 0
2290.000576, 10.0, 253, 4218, 46323.1, 36333, 117939, 173360, 238009, 238009, 0
2300.000582, 10.000006, 244, 4095, 52173.8, 42163, 113670, 232011, 590094, 590094, 0
2310.000577, 9.999995, 224, 3740, 52337.4, 44687, 126206, 200263, 260041, 260041, 0
2320.000579, 10.000002, 258, 3157, 47480.4, 38611, 115751, 166343, 252374, 252374, 0
2330.000629, 10.00005, 204, 2471, 53206.1, 41069, 134170, 250269, 267394, 267394, 0
2340.000574, 9.999945, 229, 2958, 49601.3, 41363, 111672, 226900, 349421, 349421, 0
2350.000635, 10.000061, 238, 8505, 50696.4, 40955, 120983, 216329, 320262, 320262, 0
2360.00059, 9.999955, 227, 2702, 45458.9, 38989, 88093, 182741, 311065, 311065, 0
2370.000581, 9.999991, 240, 4095, 46728.5, 40630, 104429, 143683, 210505, 210505, 0
2380.000582, 10.000001, 235, 4439, 50454.7, 40320, 126088, 184164, 311612, 311612, 0
2390.000664, 10.000082, 248, 5570, 46996.2, 39788, 103471, 136905, 181892, 181892, 0
2400.000571, 9.999907, 256, 5394, 52086.3, 39495, 128485, 281483, 491416, 491416, 0
2410.00067, 10.000099, 237, 3821, 51527.0, 40006, 119709, 208539, 515173, 515173, 0
2420.000575, 9.999905, 266, 3663, 47375.2, 37036, 110440, 177603, 343664, 343664, 0
2430.000604, 10.000029, 239, 3981, 55682.4, 38197, 138299, 282759, 878676, 878676, 0
2440.000659, 10.000055, 250, 5509, 54123.8, 40865, 119318, 191686, 506170, 506170, 0
2450.000589, 9.99993, 244, 4473, 47918.9, 39819, 102750, 166836, 329306, 329306, 0
2460.000581, 9.999992, 259, 4365, 43432.6, 36469, 87543, 173993, 185400, 185400, 0
2470.000582, 10.000001, 281, 2872, 48855.2, 39321, 116293, 205121, 308236, 308236, 0
2480.000582, 10.0, 217, 6005, 47706.9, 36281, 120984, 295723, 447991, 447991, 0
2490.000576, 9.999994, 241, 4332, 47532.1, 39326, 110826, 215405, 266882, 266882, 0
2500.000616, 10.00004, 235, 5308, 46954.4, 38282, 114623, 216502, 272250, 272250, 0
2510.000584, 9.999968, 235, 2869, 47114.1, 38017, 108800, 249418, 261047, 261047, 0
2520.000576, 9.999992, 258, 2675, 43820.6, 35498, 91773, 186473, 214866, 214866, 0
2530.000676, 10.0001, 249, 4247, 46908.9, 37747, 97796, 156301, 499943, 499943, 0
2540.000579, 9.999903, 257, 3492, 47920.7, 37316, 129435, 189012, 372132, 372132, 0
2550.000576, 9.999997, 242, 3067, 45010.5, 35352, 105505, 189102, 304750, 304750, 0
2560.000588, 10.000012, 258, 3839, 47951.9, 37467, 114405, 198281, 288528, 288528, 0
2570.000574, 9.999986, 282, 2953, 50348.4, 38003, 119788, 201513, 957443, 957443, 0
2580.000602, 10.000028, 237, 4497, 54063.4, 40441, 159108, 274060, 384963, 384963, 0
2590.000629, 10.000027, 261, 4016, 49015.3, 38047, 119241, 208050, 354435, 354435, 0
2600.000613, 9.999984, 222, 3645, 50727.2, 34517, 141444, 394210, 586938, 586938, 0
2610.00062, 10.000007, 263, 3983, 53854.2, 41519, 158039, 286524, 342926, 342926, 0
2620.000575, 9.999955, 273, 3819, 47513.8, 38060, 113395, 218336, 270037, 270037, 0
2630.000579, 10.000004, 288, 3701, 47467.9, 39434, 104601, 221238, 253501, 253501, 0
2640.000574, 9.999995, 244, 2921, 49798.8, 38150, 107249, 196509, 915830, 915830, 0
2650.000626, 10.000052, 248, 2727, 49508.5, 36862, 105436, 266948, 492612, 492612, 0
2660.000629, 10.000003, 254, 3150, 47638.7, 39951, 109412, 163544, 270524, 270524, 0
2670.000629, 10.0, 259, 3638, 44909.7, 37251, 108299, 142776, 201675, 201675, 0
2680.000623, 9.999994, 237, 4784, 47069.6, 37886, 101439, 161090, 417279, 417279, 0
2690.000597, 9.999974, 221, 4343, 51197.2, 38074, 101613, 286191, 730946, 730946, 0
2700.000577, 9.99998, 283, 4343, 53471.9, 33952, 141547, 374654, 730946, 730946, 0
2710.000584, 10.000007, 272, 4724, 46101.8, 35600, 123576, 166366, 286527, 286527, 0
2720.000597, 10.000013, 264, 3234, 49056.4, 37528, 123086, 179428, 740495, 740495, 0
2730.000581, 9.999984, 257, 3396, 45256.4, 35479, 129412, 184861, 309077, 309077, 0
2740.000611, 10.00003, 246, 6706, 46955.3, 36925, 108428, 187077, 332410, 332410, 0
2750.000578, 9.999967, 278, 3287, 46443.8, 36799, 112848, 194439, 291238, 291238, 0
2760.000621, 10.000043, 251, 6104, 43728.3, 35713, 96308, 175801, 338454, 338454, 0
2770.000803, 10.000182, 239, 3720, 52169.2, 38383, 139375, 265357, 286870, 286870, 0
2780.000602, 9.999799, 253, 5689, 46514.3, 39427, 105851, 161266, 242428, 242428, 0
2790.000574, 9.999972, 258, 3099, 45711.3, 39529, 99524, 161266, 297456, 297456, 0
2800.000585, 10.000011, 268, 3723, 48873.9, 38379, 108373, 245243, 468192, 468192, 0
2810.000627, 10.000042, 255, 4623, 48217.3, 37692, 112892, 236288, 290357, 290357, 0
2820.000577, 9.99995, 251, 5482, 43986.8, 36160, 101627, 154868, 246624, 246624, 0
2830.000581, 10.000004, 250, 4508, 46321.1, 37548, 104374, 189656, 330933, 330933, 0
2840.000576, 9.999995, 282, 4823, 47601.6, 37241, 110850, 202739, 651635, 651635, 0
2850.000589, 10.000013, 272, 3475, 45621.4, 37627, 105921, 162884, 508307, 508307, 0
2860.000581, 9.999992, 302, 3799, 46308.2, 36700, 97297, 244084, 383526, 383526, 0
2870.00058, 9.999999, 277, 2747, 45745.8, 37216, 99233, 172986, 378771, 378771, 0
2880.000676, 10.000096, 286, 3653, 48429.2, 35488, 112948, 294228, 426692, 426692, 0
2890.000581, 9.999905, 286, 2630, 43405.0, 35506, 101292, 166229, 348185, 348185, 0
2900.000591, 10.00001, 273, 2931, 45498.5, 34991, 105944, 187964, 883196, 883196, 0
2910.000585, 9.999994, 282, 4111, 48382.9, 36115, 125188, 229352, 883196, 883196, 0
2920.000585, 10.0, 271, 3951, 46134.1, 35687, 101843, 244065, 405177, 405177, 0
2930.000574, 9.999989, 248, 2735, 45344.4, 36057, 100156, 189328, 451677, 451677, 0
2940.000583, 10.000009, 266, 5649, 44868.5, 35262, 108364, 200764, 425301, 425301, 0
2950.0006, 10.000017, 277, 3963, 47468.4, 34942, 110030, 202611, 457044, 457044, 0
2960.000658, 10.000058, 277, 3470, 47884.5, 35639, 117916, 223548, 560351, 560351, 0
2970.000584, 9.999926, 260, 4617, 51387.4, 38314, 119970, 261754, 560351, 560351, 0
2980.000576, 9.999992, 273, 2791, 42895.4, 36056, 96938, 163806, 343448, 343448, 0
2990.000573, 9.999997, 270, 6581, 46429.2, 36397, 102280, 188101, 602771, 602771, 0
3000.000604, 10.000031, 275, 6310, 43236.3, 36205, 93211, 137318, 225636, 225636, 0
3010.000574, 9.99997, 258, 6362, 51313.2, 36134, 137095, 328403, 648476, 648476, 0
3020.000585, 10.000011, 308, 2561, 43574.8, 35100, 102508, 202428, 484441, 484441, 0
3030.000586, 10.000001, 286, 4659, 41168.4, 34472, 85918, 136641, 282225, 282225, 0
3040.00061, 10.000024, 264, 5694, 45155.4, 35691, 98754, 165863, 341985, 341985, 0
3050.000678, 10.000068, 257, 2892, 44800.6, 33907, 100799, 231963, 551927, 551927, 0
3060.000608, 9.99993, 272, 3965, 43667.0, 35555, 104378, 154738, 329263, 329263, 0
3070.000595, 9.999987, 269, 5126, 45185.7, 37815, 110751, 145411, 257687, 257687, 0
3080.000582, 9.999987, 258, 2735, 44200.9, 33524, 110751, 212000, 275356, 275356, 0
3090.000572, 9.99999, 283, 4496, 43807.4, 34496, 85619, 200188, 386777, 386777, 0
3100.000578, 10.000006, 285, 3679, 43780.6, 35839, 89565, 199787, 357169, 357169, 0
3110.000602, 10.000024, 264, 3453, 42680.3, 35895, 89487, 161427, 347389, 347389, 0
3120.000583, 9.999981, 296, 3702, 41936.8, 34122, 97310, 246154, 482372, 482372, 0
3130.000584, 10.000001, 284, 2878, 42195.4, 34250, 77191, 302699, 348637, 348637, 0
3140.000577, 9.999993, 282, 3434, 39977.9, 33653, 88194, 168470, 260442, 260442, 0
3150.000611, 10.000034, 265, 5810, 47090.6, 35648, 98913, 178869, 680788, 680788, 0
3160.00059, 9.999979, 297, 3483, 39485.0, 34380, 78356, 123437, 244494, 244494, 0
3170.000576, 9.999986, 268, 2988, 41476.6, 34065, 87271, 169998, 191082, 191082, 0
3180.000569, 9.999993, 283, 2670, 44237.1, 34073, 89126, 183116, 1047244, 1047244, 0
3190.000624, 10.000055, 275, 4924, 42301.3, 34270, 94003, 201703, 353313, 353313, 0
3200.000635, 10.000011, 294, 3686, 41559.6, 34209, 96499, 167235, 332070, 332070, 0
3210.000624, 9.999989, 262, 4682, 49059.0, 35031, 108510, 342963, 543269, 543269, 0
3220.000641, 10.000017, 287, 3224, 44087.5, 33004, 117658, 180227, 575310, 575310, 0
3230.000577, 9.999936, 300, 3768, 42644.6, 33409, 111308, 150018, 191557, 191557, 0
3240.000583, 10.000006, 280, 3687, 38734.1, 32388, 74735, 180463, 432285, 432285, 0
3250.000576, 9.999993, 300, 4985, 44940.4, 36265, 103301, 160079, 362341, 362341, 0
3260.000581, 10.000005, 289, 5254, 38223.7, 33085, 75305, 142261, 244731, 244731, 0
3270.000579, 9.999998, 266, 4565, 42374.7, 35666, 92613, 135945, 200669, 200669, 0
3280.000622, 10.000043, 276, 8365, 49352.5, 37923, 112888, 189435, 860537, 860537, 0
3290.000577, 9.999955, 293, 3636, 46155.1, 32457, 107478, 354326, 638351, 638351, 0
3300.000582, 10.000005, 277, 2901, 43106.2, 34115, 85365, 216231, 429759, 429759, 0
3310.000578, 9.999996, 328, 5496, 42446.6, 33962, 90211, 199860, 524660, 524660, 0
3320.000578, 10.0, 283, 4472, 42038.5, 34156, 92361, 161773, 288717, 288717, 0
3330.000596, 10.000018, 297, 4531, 39575.7, 35048, 78409, 112858, 160552, 160552, 0
3340.000575, 9.999979, 281, 4304, 42519.9, 34021, 84060, 168078, 704789, 704789, 0
3350.000585, 10.00001, 302, 4304, 42390.6, 33681, 90214, 242446, 292203, 292203, 0
3360.000576, 9.999991, 273, 2547, 40484.6, 32325, 90348, 145003, 546248, 546248, 0
3370.000573, 9.999997, 290, 3437, 40647.1, 33748, 89346, 194700, 297368, 297368, 0
3380.000579, 10.000006, 318, 4717, 44901.4, 32811, 106941, 258148, 528639, 528639, 0
3390.000576, 9.999997, 304, 3750, 42905.9, 32179, 110497, 256026, 525667, 525667, 0
3400.00062, 10.000044, 284, 6563, 41510.3, 32939, 97296, 184693, 343739, 343739, 0
3410.000583, 9.999963, 296, 3339, 41698.1, 32954, 93396, 186865, 490017, 490017, 0
3420.000627, 10.000044, 289, 3143, 43524.5, 33783, 101222, 227874, 333036, 333036, 0
3430.000609, 9.999982, 270, 3035, 45209.9, 35551, 99593, 185807, 420358, 420358, 0
3440.000579, 9.99997, 279, 2837, 42698.7, 34414, 95653, 158210, 360168, 360168, 0
3450.000647, 10.000068, 279, 3195, 39507.4, 31606, 78970, 175583, 451419, 451419, 0
3460.000576, 9.999929, 301, 4776, 40005.5, 31345, 88954, 199162, 264442, 264442, 0
3470.000576, 10.0, 290, 4182, 46620.6, 35319, 92214, 195031, 940802, 940802, 0
3480.000583, 10.000007, 290, 3191, 42224.7, 33966, 87230, 154802, 669778, 669778, 0
3490.000605, 10.000022, 279, 2927, 39067.4, 33226, 73567, 158074, 347061, 347061, 0
3500.000583, 9.999978, 292, 4316, 43328.8, 33493, 93060, 170160, 1011494, 1011494, 0
3510.000591, 10.000008, 285, 4037, 40642.4, 33586, 80117, 193098, 375502, 375502, 0
3520.000574, 9.999983, 272, 4862, 41373.5, 32613, 86651, 184609, 314205, 314205, 0
3530.000573, 9.999999, 276, 3878, 42319.5, 34082, 115997, 170523, 262297, 262297, 0
3540.000572, 9.999999, 294, 2774, 36925.4, 32874, 68878, 110852, 187845, 187845, 0
3550.000581, 10.000009, 290, 4200, 40047.7, 31934, 81875, 146954, 439625, 439625, 0
3560.000608, 10.000027, 253, 2724, 39742.3, 33472, 74981, 146954, 439625, 439625, 0
3570.000746, 10.000138, 283, 2748, 39403.7, 31692, 76687, 180555, 427943, 427943, 0
3580.000578, 9.999832, 322, 5419, 39999.8, 33295, 95307, 149025, 291929, 291929, 0
3590.000571, 9.999993, 303, 4760, 40618.0, 32631, 82313, 244188, 360994, 360994, 0
3600.000616, 10.000045, 284, 6128, 43187.2, 32532, 91771, 356215, 452006, 452006, 0
3610.000603, 9.999987, 318, 3863, 40043.5, 33041, 83146, 171013, 570577, 570577, 0
3620.000576, 9.999973, 288, 3498, 38236.7, 32774, 78872, 157288, 233657, 233657, 0
3630.00058, 10.000004, 303, 6353, 40502.3, 33324, 90419, 158455, 176420, 176420, 0
3640.000583, 10.000003, 305, 3691, 40299.6, 34438, 82055, 186073, 294238, 294238, 0
3650.000658, 10.000075, 295, 4105, 39966.2, 32589, 82874, 191483, 340259, 340259, 0
3660.000663, 10.000005, 282, 3887, 39910.7, 32674, 85453, 186609, 310667, 310667, 0
3670.000572, 9.999909, 276, 2419, 38787.9, 32648, 85289, 142810, 220085, 220085, 0
3680.000604, 10.000032, 296, 2871, 39626.3, 32976, 103272, 182973, 260702, 260702, 0
3690.000583, 9.999979, 299, 4521, 42617.3, 31368, 99806, 237823, 428003, 428003, 0
3700.000586, 10.000003, 282, 5321, 37448.8, 33041, 71459, 117332, 183974, 183974, 0
3710.000584, 9.999998, 293, 3706, 43987.6, 34167, 101128, 263841, 483135, 483135, 0
3720.000683, 10.000099, 277, 4454, 42035.7, 34495, 95752, 143150, 183497, 183497, 0
3730.000639, 9.999956, 300, 3459, 44915.2, 34382, 101460, 209586, 984905, 984905, 0
3740.000579, 9.99994, 310, 3459, 41303.6, 34003, 94400, 239652, 404828, 404828, 0
3750.00057, 9.999991, 316, 4188, 42074.4, 34458, 92426, 218901, 505226, 505226, 0
3760.000582, 10.000012, 291, 2604, 40701.4, 33086, 76333, 179179, 542730, 542730, 0
3770.000583, 10.000001, 314, 2700, 41819.4, 33193, 87486, 237734, 542730, 542730, 0
3780.000585, 10.000002, 313, 3808, 41315.9, 34494, 86707, 161061, 511194, 511194, 0
3790.000801, 10.000216, 287, 4157, 43653.8, 32403, 105969, 220978, 431927, 431927, 0
3800.000579, 9.999778, 274, 2554, 45655.2, 33399, 115847, 254728, 354740, 354740, 0
3810.000581, 10.000002, 314, 3057, 38973.1, 33097, 78281, 200781, 252818, 252818, 0
3820.000587, 10.000006, 292, 3824, 39924.1, 33927, 81119, 113813, 181773, 181773, 0
3830.000644, 10.000057, 279, 3342, 41925.8, 33067, 96412, 190864, 347072, 347072, 0
3840.000574, 9.99993, 265, 5486, 48109.6, 31291, 127043, 347072, 508831, 508831, 0
3850.000655, 10.000081, 298, 3901, 40527.0, 33557, 81886, 175426, 273739, 273739, 0
3860.000586, 9.999931, 305, 3609, 42818.6, 34670, 86994, 208262, 361395, 361395, 0
3870.00058, 9.999994, 319, 3609, 38679.5, 32563, 79638, 130004, 219827, 219827, 0
3880.000594, 10.000014, 295, 3936, 42250.9, 32400, 89807, 244644, 328170, 328170, 0
3890.000605, 10.000011, 280, 4033, 42330.8, 32903, 93022, 173345, 680884, 680884, 0
3900.000681, 10.000076, 285, 2583, 39753.1, 32334, 89851, 179242, 276166, 276166, 0
3910.000591, 9.99991, 310, 2763, 40779.5, 34471, 78747, 168054, 405563, 405563, 0
3920.000581, 9.99999, 271, 4301, 51956.1, 36341, 122978, 393761, 586722, 586722, 0
3930.000569, 9.999988, 303, 3436, 42194.4, 33700, 99275, 186190, 336633, 336633, 0
3940.00058, 10.000011, 278, 3132, 47476.0, 34632, 122417, 264342, 704211, 704211, 0
3950.000614, 10.000034, 313, 4744, 39389.2, 33331, 76488, 178803, 257464, 257464, 0
3960.000608, 9.999994, 306, 4708, 43135.5, 33453, 93882, 265405, 452176, 452176, 0
3970.000585, 9.999977, 301, 3863, 41370.5, 34279, 84253, 146429, 664946, 664946, 0
3980.000627, 10.000042, 322, 4142, 40962.5, 33313, 81930, 215362, 363237, 363237, 0
3990.000586, 9.999959, 305, 3791, 43402.2, 34462, 85113, 230281, 489410, 489410, 0
4000.000576, 9.99999, 304, 2968, 40673.2, 32764, 89917, 150085, 268094, 268094, 0
4010.000625, 10.000049, 290, 5444, 42490.4, 31652, 109614, 177131, 324764, 324764, 0
4020.000577, 9.999952, 300, 3556, 41304.3, 31773, 99944, 208234, 421065, 421065, 0
4030.000593, 10.000016, 302, 5112, 44774.3, 33244, 99278, 316594, 726641, 726641, 0
4040.00057, 9.999977, 304, 3185, 40609.7, 33356, 92436, 133711, 486174, 486174, 0
4050.000589, 10.000019, 284, 5187, 41555.4, 34874, 84891, 142550, 371766, 371766, 0
4060.000573, 9.999984, 307, 4319, 40599.7, 31720, 80090, 229245, 333727, 333727, 0
4070.000569, 9.999996, 277, 5133, 39024.6, 35213, 81094, 119591, 154721, 154721, 0
4080.000581, 10.000012, 289, 8014, 48042.3, 32823, 101377, 487853, 629568, 629568, 0
4090.000581, 10.0, 292, 4199, 41113.4, 33309, 95110, 154842, 554373, 554373, 0
4100.000579, 9.999998, 296, 4555, 38837.9, 33218, 83664, 157191, 262212, 262212, 0
4110.000573, 9.999994, 293, 3273, 39006.9, 33423, 78366, 148938, 317097, 317097, 0
4120.000586, 10.000013, 284, 3047, 46863.1, 34513, 115411, 271468, 442340, 442340, 0
4130.000581, 9.999995, 262, 5135, 46652.1, 35113, 92175, 278366, 727606, 727606, 0
4140.000584, 10.000003, 346, 2578, 40299.1, 30843, 78921, 190390, 727606, 727606, 0
4150.000574, 9.99999, 297, 5021, 41580.0, 33086, 92441, 155960, 757258, 757258, 0
4160.00057, 9.999996, 298, 3706, 44119.6, 34056, 98151, 301150, 396426, 396426, 0
4170.000577, 10.000007, 309, 2999, 45259.5, 31904, 90937, 392692, 758089, 758089, 0
4180.000577, 10.0, 308, 3961, 41715.5, 31826, 85929, 350200, 470699, 470699, 0
4190.000576, 9.999999, 301, 4079, 40273.0, 32360, 88097, 146399, 489560, 489560, 0
4200.000626, 10.00005, 296, 3080, 40068.0, 33431, 102152, 140403, 294349, 294349, 0
4210.000615, 9.999989, 294, 6005, 42916.2, 33339, 98929, 179787, 764607, 764607, 0
4220.000585, 9.99997, 299, 5961, 43075.1, 33175, 90131, 195902, 842389, 842389, 0
4230.000807, 10.000222, 296, 3734, 45095.6, 33924, 112338, 275715, 473393, 473393, 0
4240.000577, 9.99977, 301, 3840, 37281.0, 33008, 85113, 126315, 201211, 201211, 0
4250.000649, 10.000072, 302, 3840, 40175.9, 34798, 77203, 178269, 274845, 274845, 0
4260.000596, 9.999947, 306, 3084, 39051.4, 32366, 71346, 156140, 618605, 618605, 0
4270.00058, 9.999984, 297, 5003, 40229.9, 34647, 76273, 152717, 405820, 405820, 0
4280.000608, 10.000028, 295, 2671, 38560.2, 33035, 77755, 149405, 277659, 277659, 0
4290.000687, 10.000079, 308, 5062, 40841.6, 34803, 81560, 155119, 427389, 427389, 0
4300.000569, 9.999882, 295, 2283, 41166.0, 33434, 88232, 167248, 300491, 300491, 0
4310.000579, 10.00001, 286, 4612, 41469.8, 34277, 88715, 183937, 436442, 436442, 0
4320.000588, 10.000009, 292, 4658, 43172.4, 34293, 88245, 381512, 627786, 627786, 0
4330.000578, 9.99999, 286, 3661, 42785.0, 32945, 93786, 199379, 587910, 587910, 0
4340.000576, 9.999998, 306, 4666, 40551.5, 34379, 79026, 169371, 430768, 430768, 0
4350.00059, 10.000014, 288, 3813, 42082.9, 33300, 77303, 214247, 715221, 715221, 0
4360.000598, 10.000008, 263, 3152, 41789.4, 33521, 96203, 197750, 346916, 346916, 0
4370.000572, 9.999974, 313, 3239, 37956.9, 32902, 70795, 140713, 336312, 336312, 0
4380.000581, 10.000009, 310, 2455, 39027.6, 30285, 82360, 169729, 451645, 451645, 0
4390.000573, 9.999992, 314, 4337, 43217.3, 32398, 96709, 314042, 611033, 611033, 0
4400.00059, 10.000017, 294, 4310, 44958.6, 34358, 98626, 331171, 450212, 450212, 0
4410.000576, 9.999986, 319, 4188, 39860.5, 32558, 80567, 223329, 306593, 306593, 0
4420.000604, 10.000028, 329, 2604, 42194.6, 30623, 82241, 306593, 788969, 788969, 0
4430.000627, 10.000023, 300, 3471, 41511.8, 31543, 96580, 195362, 333934, 333934, 0
4440.000584, 9.999957, 309, 5999, 42057.7, 32864, 78182, 229804, 696218, 696218, 0
4450.000639, 10.000055, 310, 3128, 39502.1, 32528, 82183, 214043, 344267, 344267, 0
4460.000575, 9.999936, 310, 4044, 38874.6, 32477, 73551, 164031, 306799, 306799, 0
4470.000583, 10.000008, 295, 5412, 41604.2, 32047, 89369, 229628, 601129, 601129, 0
4480.000581, 9.999998, 305, 2190, 39994.1, 32506, 87124, 154354, 393062, 393062, 0
4490.000583, 10.000002, 316, 2804, 40185.9, 33390, 94003, 175716, 210383, 210383, 0
4500.000724, 10.000141, 290, 5128, 42727.1, 32500, 93594, 251990, 772121, 772121, 0
4510.000636, 9.999912, 310, 3541, 43103.3, 33489, 89880, 209849, 420665, 420665, 0
4520.000579, 9.999943, 293, 4822, 41043.7, 33561, 87147, 231062, 492916, 492916, 0
4530.000577, 9.999998, 290, 4338, 44240.0, 34292, 95568, 251988, 450175, 450175, 0
4540.000586, 10.000009, 290, 2951, 42477.6, 33898, 88738, 241212, 441595, 441595, 0
4550.000587, 10.000001, 302, 3092, 39367.2, 32941, 85112, 154270, 245095, 245095, 0
4560.000583, 9.999996, 298, 3823, 39454.2, 32351, 75182, 185159, 723000, 723000, 0
4570.000581, 9.999998, 317, 2980, 38544.2, 31810, 78890, 173812, 434400, 434400, 0
4580.000583, 10.000002, 294, 3779, 42843.6, 32601, 92162, 207763, 603740, 603740, 0
4590.000582, 9.999999, 316, 2742, 40080.3, 32262, 82571, 270913, 370841, 370841, 0
4600.000574, 9.999992, 288, 3775, 39471.4, 32712, 87012, 223244, 400368, 400368, 0
4610.000581, 10.000007, 299, 3420, 39560.1, 33453, 84983, 192220, 238812, 238812, 0
4620.000575, 9.999994, 291, 3510, 38415.9, 32414, 82001, 136877, 295877, 295877, 0
4630.000598, 10.000023, 308, 3417, 37147.9, 31982, 86455, 133272, 235981, 235981, 0
4640.000576, 9.999978, 268, 4755, 39521.7, 32442, 72099, 232464, 656104, 656104, 0
4650.000586, 10.00001, 308, 4301, 44867.4, 33681, 100962, 316986, 589178, 589178, 0
4660.000654, 10.000068, 330, 5265, 38730.8, 32685, 75629, 152216, 393489, 393489, 0
4670.000591, 9.999937, 304, 2890, 37719.1, 32512, 81443, 165230, 231180, 231180, 0
4680.000584, 9.999993, 290, 5050, 38078.2, 33058, 72184, 126028, 365809, 365809, 0
4690.000584, 10.0, 278, 2987, 39791.6, 30995, 97956, 140169, 218933, 218933, 0
4700.000668, 10.000084, 290, 2987, 42371.8, 32395, 90094, 237868, 636621, 636621, 0
4710.000577, 9.999909, 283, 4043, 38316.3, 32395, 77443, 137098, 262157, 262157, 0
4720.000583, 10.000006, 292, 3864, 42046.6, 32080, 83389, 194595, 451331, 451331, 0
4730.000681, 10.000098, 299, 3309, 43850.2, 31240, 94301, 246805, 585031, 585031, 0
4740.000592, 9.999911, 255, 4681, 40774.4, 33410, 83354, 173818, 245859, 245859, 0
4750.000654, 10.000062, 280, 3105, 43513.7, 33889, 99543, 169016, 835559, 835559, 0
4760.000582, 9.999928, 300, 3000, 40753.0, 32362, 89134, 224970, 417973, 417973, 0
4770.000582, 10.0, 318, 3816, 38723.7, 30577, 76451, 202908, 485881, 485881, 0
4780.000694, 10.000112, 322, 3816, 41798.6, 32637, 95738, 216498, 464800, 464800, 0
4790.000574, 9.99988, 304, 4130, 43435.0, 31798, 103892, 272384, 462669, 462669, 0
4800.000583, 10.000009, 293, 4272, 38202.3, 32643, 79837, 164284, 244321, 244321, 0
4810.000593, 10.00001, 302, 4125, 38379.4, 33351, 72900, 161974, 351383, 351383, 0
4820.000576, 9.999983, 289, 3035, 41392.6, 33040, 93426, 161974, 351383, 351383, 0
4830.000628, 10.000052, 289, 4606, 37561.0, 31862, 73467, 138691, 383745, 383745, 0
4840.000582, 9.999954, 315, 4664, 39881.6, 32408, 85110, 134930, 365516, 365516, 0
4850.000591, 10.000009, 284, 2943, 45775.9, 34800, 95858, 236560, 1134478, 1134478, 0
4860.000583, 9.999992, 310, 6032, 38540.2, 32208, 72725, 171407, 232507, 232507, 0
4870.000581, 9.999998, 301, 3104, 40927.1, 34458, 94577, 160370, 175865, 175865, 0
4880.000616, 10.000035, 312, 5715, 42660.0, 32330, 81965, 310394, 679387, 679387, 0
4890.00068, 10.000064, 295, 4159, 43821.6, 34072, 83475, 219769, 750648, 750648, 0
4900.000702, 10.000022, 315, 3457, 42755.3, 34640, 99599, 199718, 624620, 624620, 0
4910.000572, 9.99987, 278, 3861, 39127.4, 33476, 75584, 179026, 262705, 262705, 0
4920.000592, 10.00002, 299, 3069, 41018.3, 32727, 80792, 179320, 722101, 722101, 0
4930.000685, 10.000093, 305, 4590, 43865.8, 33347, 95030, 228427, 1003857, 1003857, 0
4940.000578, 9.999893, 303, 4345, 42203.4, 32581, 79944, 228209, 788298, 788298, 0
4950.000627, 10.000049, 310, 3502, 43776.6, 33629, 85137, 247096, 593541, 593541, 0
4960.000629, 10.000002, 314, 4376, 36585.6, 31352, 75625, 165290, 348369, 348369, 0
4970.000677, 10.000048, 273, 2158, 39973.1, 31447, 82613, 160681, 400995, 400995, 0
4980.000751, 10.000074, 332, 3201, 39443.8, 33124, 89420, 144562, 264995, 264995, 0
4990.000569, 9.999818, 322, 2548, 43301.9, 33275, 86803, 238590, 483938, 483938, 0
5000.000624, 10.000055, 294, 3489, 44594.3, 33791, 91473, 241188, 551396, 551396, 0
5010.000575, 9.999951, 311, 4675, 35840.2, 30592, 76972, 117473, 195694, 195694, 0
5020.000584, 10.000009, 276, 2908, 39616.7, 33322, 87366, 135671, 289429, 289429, 0
5030.000589, 10.000005, 295, 4561, 46126.8, 33951, 112009, 352085, 466728, 466728, 0
5040.000583, 9.999994, 293, 3500, 42007.7, 33278, 102350, 167955, 580649, 580649, 0
5050.000569, 9.999986, 295, 3016, 38863.8, 33318, 72803, 204286, 318538, 318538, 0
5060.000676, 10.000107, 312, 7705, 40079.4, 31681, 86016, 186532, 581760, 581760, 0
5070.000588, 9.999912, 285, 3177, 38567.8, 32898, 80817, 171952, 246215, 246215, 0
5080.000584, 9.999996, 306, 2735, 37677.8, 31012, 74118, 117283, 244284, 244284, 0
5090.000576, 9.999992, 277, 4097, 44965.2, 32988, 93169, 319444, 463460, 463460, 0
5100.000576, 10.0, 314, 2494, 46963.2, 35216, 115047, 287629, 601854, 601854, 0
5110.000572, 9.999996, 277, 3766, 40762.3, 33195, 101526, 205929, 244716, 244716, 0
5120.000583, 10.000011, 288, 6024, 40227.4, 34001, 80472, 145336, 285809, 285809, 0
5130.000635, 10.000052, 309, 3982, 36641.5, 32784, 72707, 116232, 154463, 154463, 0
5140.000576, 9.999941, 302, 3895, 40370.7, 32414, 84859, 201499, 484726, 484726, 0
5150.000675, 10.000099, 296, 3372, 39169.2, 32947, 85824, 194806, 274234, 274234, 0
5160.000657, 9.999982, 345, 2917, 37098.5, 32720, 71273, 101509, 237913, 237913, 0
5170.000579, 9.999922, 292, 2412, 46118.1, 31896, 143787, 275737, 545200, 545200, 0
5180.000617, 10.000038, 310, 4654, 43452.3, 32904, 93840, 276206, 410919, 410919, 0
5190.000629, 10.000012, 283, 4598, 40366.2, 32875, 85635, 218695, 352155, 352155, 0
5200.000603, 9.999974, 293, 2825, 41169.8, 33193, 80011, 281042, 491025, 491025, 0
5210.000576, 9.999973, 298, 4046, 40382.2, 35078, 77665, 125584, 265047, 265047, 0
5220.000647, 10.000071, 288, 3121, 42246.9, 33323, 93770, 203498, 504525, 504525, 0
5230.000577, 9.99993, 292, 5115, 43968.4, 33954, 101280, 203154, 438237, 438237, 0
5240.000573, 9.999996, 253, 2847, 44185.3, 35077, 92733, 144742, 574372, 574372, 0
5250.000631, 10.000058, 330, 3101, 38113.9, 32693, 72504, 166772, 260705, 260705, 0
5260.000688, 10.000057, 287, 2477, 40121.0, 31835, 90342, 172211, 204386, 204386, 0
5270.000572, 9.999884, 306, 4209, 42123.3, 33662, 87147, 208404, 333645, 333645, 0
5280.000578, 10.000006, 239, 6150, 46192.0, 33843, 88402, 168268, 785359, 785359, 0
5290.000599, 10.000021, 285, 6547, 43430.8, 34311, 93140, 270872, 339304, 339304, 0
5300.000585, 9.999986, 288, 3897, 41999.1, 35701, 78777, 190080, 332623, 332623, 0
5310.000575, 9.99999, 306, 3335, 41530.0, 33760, 95701, 148388, 304573, 304573, 0
5320.000585, 10.00001, 278, 3723, 39925.9, 32549, 84590, 145816, 296001, 296001, 0
5330.000634, 10.000049, 298, 3691, 50254.1, 34629, 91844, 599924, 901337, 901337, 0
5340.000627, 9.999993, 246, 4281, 52808.8, 34700, 134354, 412137, 841488, 841488, 0
5350.000692, 10.000065, 264, 5645, 48730.3, 36420, 125683, 243429, 473795, 473795, 0
5360.000625, 9.999933, 314, 4488, 40173.3, 33261, 82700, 165768, 198768, 198768, 0
5370.000637, 10.000012, 309, 3349, 41573.8, 32649, 85337, 282900, 430113, 430113, 0
5380.000605, 9.999968, 272, 2694, 41250.9, 33488, 111504, 157264, 182155, 182155, 0
5390.000586, 9.999981, 282, 3820, 42651.1, 34380, 95419, 156247, 436950, 436950, 0
5400.000574, 9.999988, 269, 5452, 49482.0, 38091, 122094, 282680, 482499, 482499, 0
5410.000579, 10.000005, 275, 4949, 46329.2, 35091, 120973, 190560, 476272, 476272, 0
5420.000575, 9.999996, 277, 3390, 40380.3, 35472, 85373, 158067, 239602, 239602, 0
5430.00058, 10.000005, 281, 3877, 44146.5, 37314, 84646, 178022, 343898, 343898, 0
5440.000667, 10.000087, 272, 3154, 41865.7, 34343, 91578, 158174, 292739, 292739, 0
5450.000597, 9.99993, 261, 6920, 40755.7, 32833, 92791, 161778, 278508, 278508, 0
5460.000583, 9.999986, 294, 5375, 42826.0, 33304, 91650, 147318, 684873, 684873, 0
5470.000637, 10.000054, 282, 2584, 41024.5, 34876, 82462, 148244, 204644, 204644, 0
5480.000599, 9.999962, 262, 4368, 42453.8, 33775, 89833, 171514, 302842, 302842, 0
5490.000578, 9.999979, 284, 3729, 44379.8, 35165, 97545, 193272, 362613, 362613, 0
5500.000582, 10.000004, 247, 3020, 44494.5, 35473, 102450, 147212, 313134, 313134, 0
5510.000579, 9.999997, 262, 4646, 48661.9, 36167, 108770, 332602, 560116, 560116, 0
5520.000619, 10.00004, 251, 7848, 46705.2, 33634, 106367, 248880, 479518, 479518, 0
5530.00061, 9.999991, 259, 5763, 43698.4, 36212, 101353, 159096, 210474, 210474, 0
5540.000604, 9.999994, 257, 8496, 48033.4, 37819, 106525, 212593, 505881, 505881, 0
5550.000573, 9.999969, 269, 7421, 42428.9, 36564, 88372, 155994, 343449, 343449, 0
5560.00058, 10.000007, 256, 3373, 47811.9, 36886, 127747, 220231, 244049, 244049, 0
5570.000623, 10.000043, 277, 4077, 45204.4, 37397, 93522, 159649, 354073, 354073, 0
5580.000596, 9.999973, 283, 5412, 42535.1, 34040, 82012, 120015, 719897, 719897, 0
5590.000583, 9.999987, 248, 5455, 46788.6, 35205, 120382, 287173, 401902, 401902, 0
5600.000584, 10.000001, 261, 6198, 45819.3, 34165, 110584, 171866, 390155, 390155, 0
5610.000576, 9.999992, 255, 7156, 53611.1, 40059, 121543, 311152, 544138, 544138, 0
5620.000578, 10.000002, 287, 3640, 45164.3, 36473, 92649, 130567, 444375, 444375, 0
5630.000569, 9.999991, 281, 4497, 45950.3, 35082, 92658, 158595, 972884, 972884, 0
5640.000575, 10.000006, 275, 9075, 43687.5, 37571, 90244, 155207, 212403, 212403, 0
5650.000582, 10.000007, 264, 4714, 43445.8, 34496, 93553, 174282, 445114, 445114, 0
5660.000576, 9.999994, 289, 2788, 48512.0, 40148, 109192, 203555, 259071, 259071, 0
5670.000587, 10.000011, 254, 3103, 45546.5, 36928, 104029, 182654, 230322, 230322, 0
5680.000578, 9.999991, 273, 3103, 45200.2, 34076, 119975, 204858, 347592, 347592, 0
5690.000577, 9.999999, 254, 3357, 45163.4, 35958, 114531, 191616, 325475, 325475, 0
5700.000582, 10.000005, 257, 3483, 45436.6, 34535, 110020, 242758, 378145, 378145, 0
5710.000585, 10.000003, 236, 3360, 46984.2, 37851, 95550, 216805, 315855, 315855, 0
5720.000576, 9.999991, 244, 3920, 51389.1, 35261, 142813, 238041, 645643, 645643, 0
5730.000574, 9.999998, 269, 8017, 51846.2, 35868, 106872, 399379, 1137256, 1137256, 0
5740.000585, 10.000011, 259, 5353, 45733.9, 36574, 104874, 169816, 313145, 313145, 0
5750.000583, 9.999998, 266, 3406, 44025.5, 35236, 105841, 150981, 203095, 203095, 0
5760.000573, 9.99999, 282, 2613, 45057.4, 35363, 102715, 205303, 560301, 560301, 0
5770.000583, 10.00001, 260, 7216, 45403.6, 34987, 101903, 161740, 535376, 535376, 0
5780.000629, 10.000046, 258, 4146, 45847.2, 35779, 93755, 165813, 610382, 610382, 0
5790.000579, 9.99995, 243, 7995, 50275.2, 37556, 93810, 378369, 675926, 675926, 0
5800.000583, 10.000004, 251, 4253, 44491.4, 34967, 126093, 158615, 275636, 275636, 0
5810.000626, 10.000043, 252, 4226, 50279.3, 35931, 105955, 169378, 1008524, 1008524, 0
5820.000612, 9.999986, 248, 4844, 46895.2, 37089, 100352, 163401, 255508, 255508, 0
5830.000581, 9.999969, 269, 3704, 46915.3, 38606, 105532, 201015, 265371, 265371, 0
5840.000581, 10.0, 276, 8066, 45138.3, 37170, 105532, 186682, 286511, 286511, 0
5850.000581, 10.0, 248, 4888, 48164.5, 38775, 112813, 160924, 192446, 192446, 0
5860.000705, 10.000124, 265, 4664, 49223.3, 36677, 108870, 218452, 369594, 369594, 0
5870.000577, 9.999872, 268, 4164, 46122.3, 37353, 118730, 164526, 260431, 260431, 0
5880.000584, 10.000007, 243, 3419, 45955.2, 36462, 97488, 177020, 575994, 575994, 0
5890.000591, 10.000007, 254, 8555, 49449.0, 38041, 121113, 210183, 291039, 291039, 0
5900.000685, 10.000094, 272, 4927, 48049.9, 35260, 128160, 239813, 334359, 334359, 0
5910.000657, 9.999972, 261, 2650, 44317.3, 36934, 95225, 172587, 291314, 291314, 0
5920.000605, 9.999948, 272, 3734, 44702.8, 37589, 106723, 170814, 296146, 296146, 0
5930.000584, 9.999979, 265, 6980, 44767.7, 36921, 101059, 148310, 179053, 179053, 0
5940.000583, 9.999999, 264, 2809, 54348.8, 37912, 180778, 328506, 545480, 545480, 0
5950.000579, 9.999996, 257, 4003, 43501.1, 33779, 83961, 150552, 709503, 709503, 0
5960.000597, 10.000018, 257, 3544, 47301.8, 35314, 112050, 342463, 613292, 613292, 0
5970.000577, 9.99998, 269, 4194, 50309.9, 35536, 116383, 236554, 552431, 552431, 0
5980.000575, 9.999998, 265, 2779, 41631.7, 35377, 87668, 145196, 285757, 285757, 0
5990.00062, 10.000045, 260, 5054, 54263.7, 37068, 144423, 239134, 762984, 762984, 0
6000.000625, 10.000005, 219, 2917, 48331.4, 39053, 114888, 235114, 283902, 283902, 0
6010.000643, 10.000018, 234, 3486, 42594.6, 36242, 86862, 136311, 223138, 223138, 0
6020.000627, 9.999984, 232, 2656, 47894.3, 37557, 117749, 189772, 219767, 219767, 0
6030.000627, 10.0, 277, 2656, 50240.6, 36083, 126228, 362612, 704737, 704737, 0
6040.000667, 10.00004, 270, 8120, 48631.6, 37117, 125065, 226879, 383886, 383886, 0
6050.000628, 9.999961, 268, 4042, 46901.2, 36115, 111497, 211466, 418023, 418023, 0
6060.000629, 10.000001, 276, 3311, 45174.0, 37170, 105137, 157241, 287134, 287134, 0
6070.000631, 10.000002, 245, 7027, 44690.6, 35836, 103767, 153119, 250777, 250777, 0
6080.000579, 9.999948, 248, 4806, 45554.7, 35750, 126494, 178998, 391878, 391878, 0
6090.000581, 10.000002, 270, 3624, 46304.1, 36244, 106381, 193839, 473328, 473328, 0
6100.000575, 9.999994, 271, 2757, 48285.8, 37189, 121712, 199076, 363144, 363144, 0
6110.000612, 10.000037, 252, 2757, 42529.9, 34266, 101471, 156596, 337510, 337510, 0
6120.000618, 10.000006, 269, 3299, 48076.3, 36693, 103724, 289448, 776651, 776651, 0
6130.000628, 10.00001, 228, 8325, 47394.4, 36132, 109676, 178179, 647656, 647656, 0
6140.000576, 9.999948, 237, 3644, 48763.7, 38377, 107262, 169693, 811358, 811358, 0
6150.000672, 10.000096, 267, 6913, 44767.5, 35989, 99104, 173180, 332095, 332095, 0
6160.000582, 9.99991, 261, 3746, 43634.0, 34998, 91419, 156969, 332095, 332095, 0
6170.000572, 9.99999, 268, 3556, 45655.6, 38497, 93574, 171735, 467081, 467081, 0
6180.000627, 10.000055, 233, 7543, 46238.9, 36412, 103979, 233507, 320907, 320907, 0
6190.00057, 9.999943, 261, 9074, 47064.9, 37712, 105501, 225558, 402135, 402135, 0
6200.000687, 10.000117, 267, 5856, 42447.5, 37646, 76551, 167059, 219711, 219711, 0
6210.000621, 9.999934, 265, 5874, 45522.2, 36990, 104012, 138013, 199601, 199601, 0
6220.000584, 9.999963, 252, 5874, 48796.6, 34839, 106684, 420407, 465566, 465566, 0
6230.000581, 9.999997, 257, 9157, 46043.4, 35676, 119841, 165351, 283942, 283942, 0
6240.000686, 10.000105, 264, 4652, 50570.8, 34382, 131128, 290623, 523680, 523680, 0
6250.000646, 9.99996, 264, 5418, 42806.1, 36772, 90778, 141643, 228466, 228466, 0
6260.000578, 9.999932, 255, 4373, 46053.6, 35437, 92752, 225528, 761039, 761039, 0
6270.000575, 9.999997, 266, 5277, 45924.5, 36537, 98007, 204841, 392912, 392912, 0
6280.000586, 10.000011, 268, 4180, 49653.5, 36274, 101368, 290315, 750364, 750364, 0
6290.000644, 10.000058, 291, 5394, 46635.1, 36392, 103377, 249972, 544279, 544279, 0
6300.000574, 9.99993, 282, 6347, 44594.0, 34614, 98883, 183045, 297042, 297042, 0
6310.000601, 10.000027, 228, 9418, 46385.0, 35140, 114530, 232266, 295143, 295143, 0
6320.000583, 9.999982, 244, 4802, 45267.9, 37651, 95365, 203224, 411625, 411625, 0
6330.000576, 9.999993, 267, 4583, 45639.4, 37400, 104182, 181780, 311274, 311274, 0
6340.000575, 9.999999, 278, 5418, 44830.7, 37349, 96250, 144171, 405693, 405693, 0
6350.000576, 10.000001, 286, 2803, 44917.8, 38129, 98213, 134413, 220611, 220611, 0
6360.000605, 10.000029, 235, 3825, 48879.7, 40019, 114285, 198381, 277935, 277935, 0
6370.000571, 9.999966, 238, 4659, 49167.2, 35201, 125962, 298098, 337802, 337802, 0
6380.000576, 10.000005, 272, 3335, 44204.4, 37590, 104057, 150013, 309455, 309455, 0
6390.000565, 9.999989, 255, 2773, 47070.1, 36843, 127613, 164558, 384559, 384559, 0
6400.000576, 10.000011, 278, 2914, 44464.0, 38235, 99778, 151705, 180993, 180993, 0
6410.000575, 9.999999, 266, 2340, 43216.8, 36601, 91413, 136720, 207692, 207692, 0
6420.000612, 10.000037, 286, 2857, 43639.2, 35097, 111300, 171443, 293785, 293785, 0
6430.000573, 9.999961, 270, 5044, 43342.9, 35145, 90529, 200267, 262440, 262440, 0
6440.000605, 10.000032, 254, 2677, 46820.5, 36326, 103812, 176145, 565781, 565781, 0
6450.000576, 9.999971, 223, 7790, 49565.7, 38830, 122672, 176879, 424010, 424010, 0
6460.000595, 10.000019, 272, 5151, 46975.2, 35695, 91481, 301013, 456339, 456339, 0
6470.000569, 9.999974, 239, 3956, 45923.9, 36601, 109100, 181030, 289830, 289830, 0
6480.000677, 10.000108, 242, 3400, 45159.1, 37316, 92109, 185561, 300067, 300067, 0
6490.000579, 9.999902, 238, 5970, 50090.1, 36303, 108287, 316677, 526844, 526844, 0
6500.000657, 10.000078, 254, 3583, 47752.1, 37309, 133997, 244824, 384708, 384708, 0
6510.000708, 10.000051, 260, 6377, 46196.3, 38368, 104723, 190382, 350880, 350880, 0
6520.000628, 9.99992, 256, 4057, 48424.0, 35243, 121801, 251632, 681814, 681814, 0
6530.000607, 9.999979, 235, 4224, 45779.0, 37743, 97973, 197816, 320786, 320786, 0
6540.000574, 9.999967, 260, 3074, 49098.0, 35984, 123529, 304993, 360853, 360853, 0
6550.000576, 10.000002, 263, 4928, 48901.9, 35746, 101350, 278382, 529797, 529797, 0
6560.000575, 9.999999, 232, 3677, 48673.1, 38272, 111914, 278382, 529797, 529797, 0
6570.000584, 10.000009, 251, 4096, 48424.3, 37131, 113341, 220195, 391169, 391169, 0
6580.000647, 10.000063, 278, 3691, 45610.6, 36786, 101240, 189944, 316705, 316705, 0
6590.000576, 9.999929, 254, 3249, 44426.3, 36643, 108920, 188712, 253115, 253115, 0
6600.00065, 10.000074, 279, 3587, 41908.3, 33657, 96631, 170755, 236354, 236354, 0
6610.000575, 9.999925, 272, 4423, 42759.4, 35790, 98114, 150015, 222397, 222397, 0
6620.000584, 10.000009, 261, 3241, 49358.8, 37789, 133980, 176138, 504892, 504892, 0
6630.000579, 9.999995, 265, 3317, 45697.9, 37009, 114381, 173682, 352613, 352613, 0
6640.000582, 10.000003, 287, 4033, 48134.2, 38406, 111763, 199360, 369778, 369778, 0
6650.000575, 9.999993, 253, 2823, 47929.3, 36479, 116286, 195441, 253110, 253110, 0
6660.000581, 10.000006, 227, 3024, 48619.6, 34533, 155383, 229555, 573456, 573456, 0
6670.000582, 10.000001, 240, 3879, 46709.8, 37436, 117410, 168148, 195604, 195604, 0
6680.000581, 9.999999, 253, 2777, 47801.7, 35661, 116565, 221611, 640447, 640447, 0
6690.000595, 10.000014, 249, 8001, 46617.8, 37067, 104224, 156932, 586318, 586318, 0
6700.000581, 9.999986, 252, 3651, 48730.7, 37568, 113927, 249509, 316245, 316245, 0
6710.000595, 10.000014, 267, 4013, 46102.7, 37765, 109639, 187585, 380535, 380535, 0
6720.000573, 9.999978, 233, 3630, 47476.1, 37222, 111481, 287440, 347248, 347248, 0
6730.000583, 10.00001, 256, 3630, 46385.8, 35717, 97550, 181853, 391233, 391233, 0
6740.000625, 10.000042, 276, 4280, 45335.1, 36792, 96771, 176818, 326888, 326888, 0
6750.00058, 9.999955, 283, 5873, 43391.5, 37332, 79608, 191219, 287105, 287105, 0
6760.000584, 10.000004, 244, 5873, 48398.0, 35546, 124606, 215784, 288605, 288605, 0
6770.000685, 10.000101, 279, 3945, 43284.0, 34386, 101996, 180959, 257314, 257314, 0
6780.000576, 9.999891, 279, 3252, 48177.0, 36635, 93512, 256919, 1080532, 1080532, 0
6790.000625, 10.000049, 259, 3706, 48203.9, 35654, 116749, 288570, 386112, 386112, 0
6800.000578, 9.999953, 242, 5550, 48682.8, 35228, 129981, 152579, 394007, 394007, 0
6810.000593, 10.000015, 264, 3722, 48986.8, 38621, 113251, 249106, 365024, 365024, 0
6820.000589, 9.999996, 276, 3301, 48622.6, 38093, 122880, 176104, 241694, 241694, 0
6830.000583, 9.999994, 254, 3301, 46027.1, 36346, 99946, 186979, 696948, 696948, 0
6840.000583, 10.0, 254, 4208, 46635.9, 36958, 109473, 223161, 522295, 522295, 0
6850.000576, 9.999993, 273, 5991, 53976.3, 38088, 114104, 312367, 647742, 647742, 0
6860.000575, 9.999999, 240, 4112, 45930.7, 35673, 93522, 168236, 673817, 673817, 0
6870.000591, 10.000016, 256, 2638, 47299.3, 35352, 115036, 249258, 475079, 475079, 0
6880.000673, 10.000082, 272, 2638, 46595.7, 34078, 117385, 222850, 326484, 326484, 0
6890.000582, 9.999909, 248, 7218, 47504.9, 36397, 89993, 190488, 510237, 510237, 0
6900.000577, 9.999995, 240, 4718, 45906.7, 36807, 109667, 252529, 278409, 278409, 0
6910.000574, 9.999997, 245, 3341, 47837.3, 34896, 114637, 253739, 499734, 499734, 0
6920.000614, 10.00004, 266, 3303, 50094.8, 36282, 123533, 248632, 420058, 420058, 0
6930.000583, 9.999969, 289, 4479, 41966.0, 36033, 92913, 163175, 224916, 224916, 0
6940.000633, 10.00005, 257, 4780, 46484.0, 35204, 113212, 226128, 395686, 395686, 0
6950.000583, 9.99995, 273, 3297, 42532.4, 35456, 88323, 192631, 351987, 351987, 0
6960.000583, 10.0, 288, 4364, 42022.6, 34326, 94395, 155215, 286007, 286007, 0
6970.000581, 9.999998, 266, 3901, 43895.3, 35551, 87239, 179214, 280804, 280804, 0
6980.000582, 10.000001, 266, 3789, 44913.9, 37599, 85727, 135320, 355757, 355757, 0
6990.000576, 9.999994, 263, 2947, 45977.2, 39875, 86963, 162388, 309394, 309394, 0
7000.000583, 10.000007, 256, 2947, 46022.4, 36652, 106342, 177898, 367806, 367806, 0
7010.000583, 10.0, 263, 6374, 45361.0, 35648, 88031, 231978, 574215, 574215, 0
7020.000586, 10.000003, 267, 2905, 43747.2, 35150, 96405, 160131, 317824, 317824, 0
7030.000618, 10.000032, 277, 5143, 49599.7, 38068, 115105, 274683, 530107, 530107, 0
7040.000746, 10.000128, 277, 3262, 44069.4, 36281, 109825, 179925, 383598, 383598, 0
7050.000673, 9.999927, 257, 3447, 49671.8, 38129, 104833, 312872, 535001, 535001, 0
7060.000628, 9.999955, 266, 2842, 42436.3, 35986, 82064, 143262, 447267, 447267, 0
7070.000638, 10.00001, 258, 6421, 48392.0, 37420, 91616, 189206, 810081, 810081, 0
7080.000626, 9.999988, 260, 3058, 46693.7, 36739, 103209, 182240, 518044, 518044, 0
7090.000628, 10.000002, 273, 3058, 46011.7, 36942, 98363, 215651, 288425, 288425, 0
7100.000577, 9.999949, 264, 3105, 42876.5, 37097, 87671, 162695, 341491, 341491, 0
7110.000575, 9.999998, 266, 7840, 46802.8, 38253, 95619, 190550, 339698, 339698, 0
7120.000629, 10.000054, 270, 2811, 49919.6, 35897, 95244, 363851, 950745, 950745, 0
7130.000657, 10.000028, 276, 6417, 42784.1, 33813, 93705, 222935, 462854, 462854, 0
7140.000608, 9.999951, 237, 3868, 42305.2, 36024, 87700, 175817, 515857, 515857, 0
7150.000593, 9.999985, 248, 6479, 48740.6, 35868, 112758, 254723, 470794, 470794, 0
7160.000572, 9.999979, 251, 3555, 48307.9, 38775, 100862, 234126, 544642, 544642, 0
7170.000576, 10.000004, 267, 6273, 44544.5, 37161, 104416, 148323, 189825, 189825, 0
7180.000586, 10.00001, 287, 2656, 45925.2, 36265, 107877, 185981, 577758, 577758, 0
7190.000597, 10.000011, 286, 6331, 44373.3, 38124, 90398, 144827, 245946, 245946, 0
7200.000582, 9.999985, 269, 4032, 43281.1, 37161, 97656, 149271, 355033, 355033, 0
7201.002805, 1.002223, 38, 4032, 42203.4, 36489, 91725, 133043, 355033, 355033, 0
